stid,station_name,lat,lon,elev,begints,endts,iem_network\,county,COUNTYFP
IA3438,GREENFIELD,41.3,-94.47,409.0,1893-01-01,,IACLIMATE\,Adair,1
IA8021,STUART,41.5,-94.31667,369.77286,1896-04-01,1910-11-30,IACLIMATE\,Adair,1
IA1833,CORNING,41.0,-94.75,354.0,1893-01-01,,IACLIMATE\,Adams,3
IA2311,DORCHESTER,43.4705,-91.5109,234.68578,1947-01-01,2013-12-12,IACLIMATE\,Allamakee,5
IA2315,DORCHESTER HWY 76,43.4212,-91.5086,208.27432,2000-01-01,2017-12-20,IACLIMATE\,Allamakee,5
IA4620,LANSING,43.36333,-91.21611,197.21147,1896-06-01,2004-06-22,IACLIMATE\,Allamakee,5
IA4624,LANSING 4SE,43.3197,-91.1616,274.46567,2003-04-01,2013-06-14,IACLIMATE\,Allamakee,5
IA6766,Postville,43.0906,-91.5581,350.0,1893-01-01,,IACLIMATE\,Allamakee,5
IA8755,WAUKON,43.27,-91.48,378.0,1934-01-01,,IACLIMATE\,Allamakee,5
IA8756,WAUKON 4SW,43.24025,-91.55496,362.78336,2017-11-01,2019-10-10,IACLIMATE\,Allamakee,5
IA1354,CENTERVILLE,40.72,-92.87,311.0,1893-01-01,,IACLIMATE\,Appanoose,7
IA1358,CENTERVILLE 5 E,40.73333,-92.76667,268.7091,1973-01-01,1980-07-27,IACLIMATE\,Appanoose,7
IA5750,MOULTON 5 W,40.6924,-92.7727,253.2053,2000-01-01,2017-12-20,IACLIMATE\,Appanoose,7
IA6910,RATHBUN DAM,40.825,-92.8925,277.0142,1970-01-01,,IACLIMATE\,Appanoose,7
IA0385,AUDUBON,41.72,-94.93,411.0,1893-01-01,,IACLIMATE\,Audubon,9
IA0600,BELLE-PLAINE,41.88,-92.27,229.0,1893-01-01,,IACLIMATE\,Benton,11
IA0602,BELLE PLAINE 3 S,41.86667,-92.28333,234.49013,2000-01-01,2017-12-20,IACLIMATE\,Benton,11
IA8568,VINTON,42.17,-92.0,232.0,1893-01-01,,IACLIMATE\,Benton,11
IA1300,CEDAR FALLS,42.5377,-92.443,232.5624,1893-01-01,2021-08-31,IACLIMATE\,Black Hawk,13
IA3964,HUDSON,42.4075,-92.4633,273.23102,2000-06-01,2019-11-30,IACLIMATE\,Black Hawk,13
IA8704,WATERLOO,42.51667,-92.33333,265.02466,1895-01-01,1950-02-28,IACLIMATE\,Black Hawk,13
IA8706,WATERLOO,42.55,-92.4,264.0,1894-01-01,,IACLIMATE\,Black Hawk,13
IA8705,WATERLOO #1,42.50056,-92.33194,260.9135,1997-07-01,2008-02-26,IACLIMATE\,Black Hawk,13
IATALO,Waterloo Area,42.55437,-92.40129,267.64633,1895-01-01,,IACLIMATE\,Black Hawk,13
IA8707,WATERLOO SNOW,42.46509,-92.34116,278.76538,2012-01-01,2022-12-31,IACLIMATE\,Black Hawk,13
IA0200,AMES-8-WSW,42.03,-93.8,344.0,1893-01-01,,IACLIMATE\,Boone,15
IATAME,Ames Area,42.015,-93.725,322.74265,1893-01-01,,IACLIMATE\,Boone,15
IA0549,BEAVER 2 NE,42.03333,-94.13333,307.5065,1948-01-01,1951-06-17,IACLIMATE\,Boone,15
IA0807,Boone,42.0417,-93.8906,330.0,1904-12-01,,IACLIMATE\,Boone,15
IA0812,BOONE 3 WNW,42.08333,-93.93333,281.76083,1922-01-01,1946-07-31,IACLIMATE\,Boone,15
IA5000,MADRID,41.86667,-93.81667,299.25076,1895-04-01,1941-12-31,IACLIMATE\,Boone,15
IA6209,OGDEN,42.0388,-94.0419,321.41016,2000-01-01,2022-12-31,IACLIMATE\,Boone,15
IA6205,OGDEN,42.05,-94.05,327.24905,1894-07-01,1959-09-30,IACLIMATE\,Boone,15
IA9178,WOODWARD 7 N,41.95,-93.91667,313.0,1944-09-01,1974-04-30,IACLIMATE\,Boone,15
IA8341,TRIPOLI 2N,42.8366,-92.2566,310.896,2003-01-01,2022-08-27,IACLIMATE\,Bremer,17
IA8339,TRIPOLI-4-N,42.82,-92.25,307.0,1946-09-01,2021-08-30,IACLIMATE\,Bremer,17
IA8771,WAVERLY,42.73333,-92.46667,277.0,1896-01-01,1946-08-31,IACLIMATE\,Bremer,17
IA2778,FAIRBANK,42.6404,-92.0291,309.41577,2000-01-01,2008-01-31,IACLIMATE\,Buchanan,19
IA4052,INDEPENDENCE,42.50694,-91.90139,286.83234,1893-01-01,2017-12-20,IACLIMATE\,Buchanan,19
IA4049,INDEPENDENCE-2-W,42.48,-91.82,309.0,1867-01-01,2009-12-31,IACLIMATE\,Buchanan,19
IAD003,Iowa Drought Region 3 - Northeast,42.4942,-91.6834,327.0,1893-01-01,,IACLIMATE\,Buchanan,19
IA7892,STANLEY,42.6333,-91.8632,321.70895,2006-01-01,,IACLIMATE\,Buchanan,19
IA0173,ALTA,42.66667,-95.3,451.48434,1893-01-01,1959-10-31,IACLIMATE\,Buena Vista,21
IA0175,ALTA NEAR,42.66667,-95.33333,430.01266,1896-03-01,1920-02-29,IACLIMATE\,Buena Vista,21
IA4820,LINN GROVE,42.8952,-95.2477,376.24207,2003-01-01,2017-12-20,IACLIMATE\,Buena Vista,21
IA7726,SIOUX-RAPIDS,42.88,-95.15,417.0,1941-06-01,,IACLIMATE\,Buena Vista,21
IA7979,STORM-LAKE-2-E,42.63,-95.18,413.0,1893-01-01,,IACLIMATE\,Buena Vista,21
IA0157,ALLISON,42.75,-92.78,319.0,1914-02-01,,IACLIMATE\,Butler,23
IA2388,DUMONT,42.7544,-92.9763,314.357,1934-01-01,2011-08-06,IACLIMATE\,Butler,23
IA3434,GREENE,42.9,-92.8,304.98972,1897-02-01,1910-12-31,IACLIMATE\,Butler,23
IA4402,KESLEY,42.6611,-92.9083,308.4693,2000-01-01,2022-12-31,IACLIMATE\,Butler,23
IA6492,PARKERSBURG,42.57733,-92.80495,287.4,1951-09-01,2021-12-31,IACLIMATE\,Butler,23
IA7602,SHELL ROCK 1 SW,42.70417,-92.59056,285.92215,1948-01-01,2016-09-22,IACLIMATE\,Butler,23
IA4547,LAKE CITY,42.26667,-94.73333,375.73703,1936-04-01,1972-10-31,IACLIMATE\,Calhoun,25
IA7161,ROCKWELL-CITY,42.4,-94.62,362.0,1894-01-01,2023-11-28,IACLIMATE\,Calhoun,25
IA7167,ROCKWELL CITY NO. 2,42.3911,-94.6288,366.9796,2000-01-01,2022-12-19,IACLIMATE\,Calhoun,25
IA1233,CARROLL-2-SSW,42.07,-94.85,392.0,1893-01-01,,IACLIMATE\,Carroll,27
IA1793,COON RAPIDS,41.8747,-94.6705,349.02554,1899-03-01,2022-12-31,IACLIMATE\,Carroll,27
IA0364,ATLANTIC-1-NE,41.42,-95.0,371.0,1893-01-01,,IACLIMATE\,Cass,29
IA0366,ATLANTIC NEAR,41.4,-95.0,380.4895,1896-03-01,1897-09-30,IACLIMATE\,Cass,29
IA2007,CUMBERLAND,41.26667,-94.86667,391.25446,1899-03-01,1978-10-31,IACLIMATE\,Cass,29
IA5250,MASSENA,41.2552,-94.765,388.62848,1904-06-01,2022-12-31,IACLIMATE\,Cass,29
IA1528,CLARENCE,41.88333,-91.06667,257.2412,1934-01-01,1978-06-30,IACLIMATE\,Cedar,31
IAC006,Iowa - East Central Climate Division,41.89756,-91.25343,268.06058,1893-01-01,,IACLIMATE\,Cedar,31
IA4963,LOWDEN,41.86044,-90.9222,223.42938,1991-01-01,,IACLIMATE\,Cedar,31
IA5341,MECHANICSVILLE,41.9,-91.25,270.25098,1896-01-01,1896-12-31,IACLIMATE\,Cedar,31
IA8266,TIPTON,41.78,-91.12,253.0,1893-01-01,2009-12-31,IACLIMATE\,Cedar,31
IA9095,WILTON JUNCTION,41.6,-91.01667,213.75334,1896-01-01,1909-12-31,IACLIMATE\,Cedar,31
IA1586,CLEAR LAKE,43.13333,-93.35,364.25522,1898-04-01,1913-04-30,IACLIMATE\,Cerro Gordo,33
IAC002,Iowa - North Central Climate Division,43.04986,-93.48903,381.3544,1893-01-01,,IACLIMATE\,Cerro Gordo,33
IA5230,MASON-CITY,43.15,-93.2,348.0,1893-01-01,,IACLIMATE\,Cerro Gordo,33
IA5232,MASON CITY #1,43.1533,-93.198,346.7859,2000-08-01,2019-01-28,IACLIMATE\,Cerro Gordo,33
IA5235,MASON CITY MUNICIPAL AP,43.1544,-93.32611,362.1024,1942-07-01,,IACLIMATE\,Cerro Gordo,33
IA7572,SHEFFIELD 3 NW,42.9216,-93.2827,347.68192,1948-01-01,1951-09-30,IACLIMATE\,Cerro Gordo,33
IA1442,CHEROKEE,42.75,-95.53,355.0,1921-11-01,,IACLIMATE\,Cherokee,35
IA1443,CHEROKEE # 2,42.7461,-95.5516,355.77255,2000-01-01,2008-09-24,IACLIMATE\,Cherokee,35
IA4644,LARRABEE,42.86444,-95.54667,411.99985,1893-01-01,1951-09-30,IACLIMATE\,Cherokee,35
IA8693,WASHTA,42.5737,-95.718,346.29257,1897-05-01,2019-04-22,IACLIMATE\,Cherokee,35
IA3019,FREDERICKSBURG,42.96667,-92.2,329.00177,1897-04-01,1898-11-30,IACLIMATE\,Chickasaw,37
IA4094,IONIA 2 W,43.0336,-92.5018,313.02667,2002-01-01,2022-12-31,IACLIMATE\,Chickasaw,37
IA5872,NASHUA 2 NW,42.98333,-92.56667,296.25302,1949-01-01,1951-08-31,IACLIMATE\,Chickasaw,37
IA5952,NEW-HAMPTON,43.05,-92.32,345.0,1897-01-01,,IACLIMATE\,Chickasaw,37
IA3933,HOPEVILLE,40.95,-93.98333,345.79333,1896-01-01,1910-12-31,IACLIMATE\,Clarke,39
IA5834,MURRAY,41.08333,-93.98333,366.22565,1893-01-01,1921-05-31,IACLIMATE\,Clarke,39
IA6316,OSCEOLA-3-WSW,41.0194,-93.7502,312.0,1894-01-01,,IACLIMATE\,Clarke,39
IA9168,WOODBURN,41.01667,-93.6,297.46686,1899-03-01,1912-01-31,IACLIMATE\,Clarke,39
IA2755,EVERLY 3 WNW,43.1833,-95.383,413.58615,1954-01-01,2022-12-31,IACLIMATE\,Clay,41
IA6590,PETERSON,42.9183,-95.3369,388.62494,1942-07-01,2017-11-18,IACLIMATE\,Clay,41
IA7844,Spencer,43.1653,-95.1467,406.51163,1895-02-01,,IACLIMATE\,Clay,41
IA7840,SPENCER,43.13333,-95.13333,394.9873,2002-01-01,2013-04-17,IACLIMATE\,Clay,41
IAKSPW,Spencer Airport,43.16822,-95.21011,408.0,1996-01-01,,IACLIMATE\,Clay,41
IATSPW,Spencer Area,43.16822,-95.21009,408.39847,1895-02-01,,IACLIMATE\,Clay,41
IA7847,SPENCER NO. 2,43.1369,-95.1444,398.04797,1988-01-01,2016-08-11,IACLIMATE\,Clay,41
IA2595,ELKADER 1 SE,42.84333,-91.4,219.26775,2000-01-01,2017-12-20,IACLIMATE\,Clayton,43
IA2603,Elkader 6SSW (Osborn),42.7753,-91.4536,241.3534,1893-01-01,,IACLIMATE\,Clayton,43
IA3113,GARBER,42.74,-91.26167,201.50401,2000-01-01,2017-12-20,IACLIMATE\,Clayton,43
IA3517,GUTTENBERG-L-AND-D-10,42.78,-91.1,188.0,1937-05-01,,IACLIMATE\,Clayton,43
IA5315,MCGREGOR,43.024,-91.1746,194.75919,1957-01-01,1969-07-28,IACLIMATE\,Clayton,43
IA5320,MCGREGOR NO 2,43.01667,-91.16667,186.50026,2000-01-01,2014-04-27,IACLIMATE\,Clayton,43
IA5630,MONONA,43.05,-91.36667,356.49622,1948-01-01,1951-09-30,IACLIMATE\,Clayton,43
IA6086,NORTH MCGREGOR,43.01667,-91.18333,231.62415,1896-03-01,1898-08-31,IACLIMATE\,Clayton,43
IA8009,STRAWBERRY POINT,42.6853,-91.533,367.623,1948-01-01,2022-12-31,IACLIMATE\,Clayton,43
IA1635,CLINTON-1,41.8,-90.27,178.0,1893-01-01,,IACLIMATE\,Clinton,45
IA1640,CLINTON 2,41.83333,-90.21667,178.25392,1904-07-01,1985-10-31,IACLIMATE\,Clinton,45
IA2235,DE WITT,41.8108,-90.5405,203.44958,1954-09-01,2022-12-31,IACLIMATE\,Clinton,45
IA8989,WHEATLAND,41.83333,-90.83333,213.71347,1948-01-01,1951-09-30,IACLIMATE\,Clinton,45
IA2171,DENISON,42.03,-95.33,397.0,1893-01-01,,IACLIMATE\,Crawford,47
IA2173,DENISON SCS,42.0,-95.36667,384.5043,1942-07-01,1945-02-28,IACLIMATE\,Crawford,47
IAC004,Iowa - West Central Climate Division,42.0398,-95.25997,379.45593,1893-01-01,,IACLIMATE\,Crawford,47
IA0070,ADEL 1 SE,41.6,-94.01667,307.0022,1958-07-01,1967-09-30,IACLIMATE\,Dallas,49
IA2212,DE SOTO,41.55,-94.0,269.50232,1897-11-01,1910-11-30,IACLIMATE\,Dallas,49
IA2240,DEXTER,41.5077,-94.2269,332.7854,1935-07-01,1951-09-30,IACLIMATE\,Dallas,49
IA3459,GRIMES 4 WSW,41.6805,-93.8724,294.33914,2000-01-01,2016-02-07,IACLIMATE\,Dallas,49
IA6566,PERRY,41.83,-94.12,287.0,1900-10-01,,IACLIMATE\,Dallas,49
IA6920,REDFIELD 2 E,41.5687,-94.1401,287.82678,1954-05-01,2022-12-31,IACLIMATE\,Dallas,49
IA8747,WAUKEE,41.61667,-93.88333,312.0,1894-10-01,1953-03-31,IACLIMATE\,Dallas,49
IA8658,WAUKEE 3NE,41.6519,-93.8336,277.77493,2009-01-01,2016-08-01,IACLIMATE\,Dallas,49
IA8860,WEST DES MOINES 6 W,41.5744,-93.8091,294.19354,2004-01-01,2014-07-03,IACLIMATE\,Dallas,49
IA0596,BELKNAP,40.83333,-92.46667,267.96265,1896-01-01,1904-10-31,IACLIMATE\,Davis,51
IA0753,BLOOMFIELD,40.75,-92.43,261.0,1906-08-01,2022-12-31,IACLIMATE\,Davis,51
IA3115,GARDEN GROVE,40.83333,-93.61667,317.01315,1896-01-01,1899-03-31,IACLIMATE\,Decatur,53
IA4585,Lamoni,40.6233,-93.9508,337.0,1897-08-01,,IACLIMATE\,Decatur,53
IA4587,LAMONI,40.65,-94.0,336.2709,1998-01-01,,IACLIMATE\,Decatur,53
IA4758,LEON 6 ESE,40.7244,-93.6452,296.40387,1902-04-01,2012-10-11,IACLIMATE\,Decatur,53
IA2136,DELAWARE 3 WSW,42.46667,-91.41667,307.24857,1893-01-01,1975-12-31,IACLIMATE\,Delaware,55
IA5085,MANCHESTER,42.4823,-91.4583,282.06763,1987-01-01,1994-12-31,IACLIMATE\,Delaware,55
IA5086,MANCHESTER-2,42.47,-91.45,280.0,1921-09-01,,IACLIMATE\,Delaware,55
IA1060,BURLINGTON,40.825,-91.1714,214.0,1964-12-01,,IACLIMATE\,Des Moines,57
IA1063,Burlington Airport,40.7808,-91.1192,209.0,1897-07-01,,IACLIMATE\,Des Moines,57
IA2062,DANVILLE,40.86667,-91.33333,220.99171,1899-03-01,1903-08-31,IACLIMATE\,Des Moines,57
IA4561,LAKE PARK,43.4483,-95.3247,445.0,1912-08-01,2022-12-31,IACLIMATE\,Dickinson,59
IA5493,Milford,43.3167,-95.2017,435.57822,1919-10-01,,IACLIMATE\,Dickinson,59
IA5496,MILFORD 3 W,43.3277,-95.2016,417.00052,2000-01-01,2010-04-23,IACLIMATE\,Dickinson,59
IA6291,ORLEANS,43.45,-95.06667,433.25348,1934-11-01,1939-01-31,IACLIMATE\,Dickinson,59
IA7859,SPIRIT LAKE,43.4231,-95.1,445.0,1893-01-01,,IACLIMATE\,Dickinson,59
IA8169,TERRIL,43.3,-94.96667,428.50223,1942-07-01,1944-01-31,IACLIMATE\,Dickinson,59
IA1257,CASCADE,42.3,-91.02,253.0,1942-01-01,,IACLIMATE\,Dubuque,61
IA2362,DUBUQUE #3,42.4087,-90.7325,328.33118,2011-08-01,2022-12-31,IACLIMATE\,Dubuque,61
IA2367,Dubuque Airport,42.39834,-90.70913,317.0,1951-02-01,,IACLIMATE\,Dubuque,61
IATDBQ,Dubuque Area,42.39835,-90.70914,315.0504,1873-07-01,,IACLIMATE\,Dubuque,61
IA2364,DUBUQUE-LOCK-AND-DAM,42.53,-90.65,192.0,1873-07-01,,IACLIMATE\,Dubuque,61
IA2361,DUBUQUE NO 2,42.5,-90.65,180.24672,2000-01-01,2017-12-20,IACLIMATE\,Dubuque,61
IA2369,DUBUQUE RIVER,42.4,-90.7,322.76385,1873-07-01,1952-01-31,IACLIMATE\,Dubuque,61
IA2410,DURANGO 3W,42.57,-90.83583,228.2535,2000-01-01,2006-11-30,IACLIMATE\,Dubuque,61
IA2726,ESTHERVILLE 1WSW,43.3991,-94.8461,382.34982,2000-01-01,2017-12-20,IACLIMATE\,Emmet,63
IA2724,Estherville 4E,43.42,-94.83,406.0,1893-01-01,,IACLIMATE\,Emmet,63
IA2725,ESTHERVILLE MUNICIPAL AP,43.40085,-94.74765,400.5072,1996-07-01,,IACLIMATE\,Emmet,63
IA7058,RINGSTED,43.29565,-94.51083,388.85617,1948-01-01,2022-12-31,IACLIMATE\,Emmet,63
IA1610,CLERMONT,42.9975,-91.6583,257.00903,2000-01-01,2016-09-22,IACLIMATE\,Fayette,65
IA2864,FAYETTE,42.83,-91.8,328.0,1893-01-01,,IACLIMATE\,Fayette,65
IA3731,HAWKEYE,42.95,-91.95,339.76422,1896-01-01,1901-08-31,IACLIMATE\,Fayette,65
IAC003,Iowa - Northeast Climate Division,42.85852,-91.76651,286.41992,1893-01-01,,IACLIMATE\,Fayette,65
IA6199,OELWEIN 1E,42.6801,-91.8751,352.85507,2005-10-01,,IACLIMATE\,Fayette,65
IA6200,OELWEIN-2-S,42.65,-91.92,300.0,1923-05-01,2005-11-17,IACLIMATE\,Fayette,65
IATOEL,Oelwein Area,42.66505,-91.89755,333.5065,1955-01-01,,IACLIMATE\,Fayette,65
IA8742,WAUCOMA 1WNW,43.0603,-92.0489,337.73254,1954-11-01,2022-12-31,IACLIMATE\,Fayette,65
IA8880,WEST UNION,42.95,-91.8,333.25348,1898-12-01,1904-06-30,IACLIMATE\,Fayette,65
IA8867,WEST UNION 3SE,42.9787,-91.7888,358.69913,2002-09-01,2013-04-23,IACLIMATE\,Fayette,65
IA8870,WEST UNION 5 NW,43.00806,-91.86889,312.37357,2000-01-01,2003-01-29,IACLIMATE\,Fayette,65
IA1402,CHARLES-CITY,43.05,-92.67,306.0,1893-01-01,,IACLIMATE\,Floyd,67
IA1407,CHARLES CITY NO 2,43.0625,-92.673,300.80432,2000-01-01,2017-12-20,IACLIMATE\,Floyd,67
IA5141,MARBLE ROCK,42.96556,-92.87056,297.33258,1954-04-01,1998-09-30,IACLIMATE\,Floyd,67
IA5876,NASHUA 2 SW,42.93618,-92.57006,324.22278,2001-01-01,2022-12-31,IACLIMATE\,Floyd,67
IA6044,NORA SPRINGS,43.06667,-93.0,309.0017,1912-10-01,1926-12-31,IACLIMATE\,Floyd,67
IA2355,DOWS,42.66667,-93.46667,353.99985,1896-01-01,1909-12-31,IACLIMATE\,Franklin,69
IA3584,HAMPTON-2-NW,42.75,-93.2,343.0,1893-01-01,,IACLIMATE\,Franklin,69
IA6755,POPEJOY 1S,42.5863,-93.4363,343.00967,1974-01-01,2017-03-07,IACLIMATE\,Franklin,69
IA0493,BARTLETT 5 E,40.9,-95.7,362.2694,1946-02-01,1972-03-31,IACLIMATE\,Fremont,71
IA1536,CLARINDA PLUM CREEK,40.83333,-95.75,349.79276,1934-01-01,1942-11-30,IACLIMATE\,Fremont,71
IA1538,CLARINDA WALNUT CREEK,40.88333,-95.46667,340.5067,1934-01-01,1942-11-30,IACLIMATE\,Fremont,71
IA3567,HAMBURG,40.6,-95.65,278.9862,1972-01-01,1976-10-30,IACLIMATE\,Fremont,71
IA3562,HAMBURG,40.61528,-95.65333,285.06573,1899-03-01,2008-09-13,IACLIMATE\,Fremont,71
IA3569,HAMBURG 2 NE,40.6325,-95.62556,274.4116,2000-01-01,2017-12-20,IACLIMATE\,Fremont,71
IA6891,RANDOLPH,40.8744,-95.5666,293.88785,1953-03-01,2022-12-31,IACLIMATE\,Fremont,71
IA6895,RANDOLPH 1 W,40.87306,-95.58,289.49594,2000-01-01,2017-12-20,IACLIMATE\,Fremont,71
IA7085,RIVERTON,40.68333,-95.56667,306.5125,1926-04-01,1960-02-29,IACLIMATE\,Fremont,71
IA7669,SIDNEY,40.75,-95.65,358.0,1895-01-01,2018-05-01,IACLIMATE\,Fremont,71
IA8231,THURMAN,40.81667,-95.75,292.25854,1897-06-01,1948-11-30,IACLIMATE\,Fremont,71
IA4228,JEFFERSON,42.02,-94.38,319.0,1893-01-01,,IACLIMATE\,Greene,73
IA4229,JEFFERSON 2 S,41.9875,-94.3769,304.2889,2000-01-01,2022-12-31,IACLIMATE\,Greene,73
IA7478,SCRANTON,42.03333,-94.5,332.24033,1896-09-01,1903-07-31,IACLIMATE\,Greene,73
IA1742,CONRAD,42.2244,-92.8855,312.53915,1977-01-01,2020-09-02,IACLIMATE\,Grundy,75
IA3487,GRUNDY-CENTER,42.37,-92.78,300.0,1893-01-01,,IACLIMATE\,Grundy,75
IA6969,REINBECK 2 W,42.31667,-92.63333,288.50513,1896-02-01,1897-08-31,IACLIMATE\,Grundy,75
IA9000,WHITTEN,42.26667,-93.0,316.75293,1897-05-01,1920-08-31,IACLIMATE\,Grundy,75
IA0519,BAYARD 6 SE,41.7791,-94.4927,324.9115,2000-01-01,2017-12-20,IACLIMATE\,Guthrie,77
IA3509,GUTHRIE-CENTER,41.68,-94.5,363.0,1895-01-01,,IACLIMATE\,Guthrie,77
IA6418,PANORA,41.6875,-94.3711,304.3601,2000-01-01,2017-12-20,IACLIMATE\,Guthrie,77
IA4244,JEWELL,42.3008,-93.6388,313.8137,1949-03-01,2018-02-09,IACLIMATE\,Hamilton,79
IA8806,WEBSTER-CITY,42.47,-93.8,322.0,1893-01-01,,IACLIMATE\,Hamilton,79
IA9062,WILLIAMS,42.4875,-93.5413,367.58594,1978-01-01,2007-01-05,IACLIMATE\,Hamilton,79
IA0923,BRITT,43.07,-93.8,369.0,1897-01-01,2020-12-31,IACLIMATE\,Hancock,81
IA4308,KANAWHA,42.9311,-93.7933,358.8821,1941-08-01,2022-12-31,IACLIMATE\,Hancock,81
IA4376,KEOKUK LOCK & DAM 19,40.4,-91.36667,154.0,1937-05-01,1953-02-28,IACLIMATE\,Hancock,81
IA4372,KEOKUK NO 2,40.38333,-91.38333,153.01463,1929-03-01,1939-03-31,IACLIMATE\,Hancock,81
IA0999,BUCKEYE,42.4172,-93.3775,356.79172,1973-01-01,2010-09-18,IACLIMATE\,Hardin,83
IA2573,Eldora,42.3619,-93.0989,333.0,1896-02-01,2023-05-02,IACLIMATE\,Hardin,83
IA3960,HUBBARD,42.30363,-93.28961,339.87,1973-01-01,2017-12-28,IACLIMATE\,Hardin,83
IA4142,IOWA-FALLS,42.53,-93.27,345.0,1893-01-01,,IACLIMATE\,Hardin,83
IA7932,STEAMBOAT ROCK,42.4081,-93.073,297.50192,1956-01-01,2022-12-31,IACLIMATE\,Hardin,83
IA4867,LITTLE SIOUX,41.81667,-96.01667,311.50174,1904-08-01,1949-03-31,IACLIMATE\,Harrison,85
IA4874,LITTLE SIOUX 2NW,41.8263,-96.0505,311.38113,2000-01-01,,IACLIMATE\,Harrison,85
IA4894,LOGAN,41.63,-95.8,307.0,1893-01-01,,IACLIMATE\,Harrison,85
IA4898,LOGAN NO 2,41.6425,-95.7825,310.74686,1942-07-01,2009-12-31,IACLIMATE\,Harrison,85
IA5584,MISSOURI VALLEY 1 NNE,41.5736,-95.8811,368.8322,1940-09-01,1956-05-31,IACLIMATE\,Harrison,85
IA5608,MONDAMIN,41.71667,-96.01667,307.2508,1942-01-01,1948-08-31,IACLIMATE\,Harrison,85
IA6634,PISGAH,41.83056,-95.93111,319.7814,1950-09-01,2017-12-20,IACLIMATE\,Harrison,85
IA9164,WOODBINE,41.745,-95.7091,337.8813,1942-01-01,1951-08-11,IACLIMATE\,Harrison,85
IA5796,MOUNT-PLEASANT,40.95,-91.55,219.0,1893-01-01,,IACLIMATE\,Henry,87
IA6160,OAKLAND MILLS 3 W,40.92694,-91.68,211.3835,1991-01-01,2017-12-20,IACLIMATE\,Henry,87
IA7363,SALEM 1 S,40.8355,-91.6221,201.4663,2011-06-01,2022-12-31,IACLIMATE\,Henry,87
IA1461,CHESTER,43.48333,-92.36667,382.7657,1902-04-01,1903-07-31,IACLIMATE\,Howard,89
IA1954,CRESCO-1-NE,43.38,-92.1,387.0,1893-01-01,2020-12-31,IACLIMATE\,Howard,89
IA2638,ELMA,43.2419,-92.4433,356.93124,2003-01-01,2022-12-31,IACLIMATE\,Howard,89
IA7410,SARATOGA 2 E,43.36667,-92.36667,383.24747,1949-05-01,1968-02-29,IACLIMATE\,Howard,89
IA2041,Dakota City,42.7255,-94.1952,329.08252,2000-01-01,2023-09-05,IACLIMATE\,Humboldt,91
IA3985,HUMBOLDT 2,42.68333,-94.2,328.99582,1987-04-01,1997-06-30,IACLIMATE\,Humboldt,91
IA3980,HUMBOLDT-2,42.68,-94.2,323.0,1895-01-01,2022-12-31,IACLIMATE\,Humboldt,91
IA0512,BATTLE CREEK 3NE,42.37,-95.575,380.00937,2009-09-01,,IACLIMATE\,Ida,93
IA2026,CUSHING,42.46667,-95.66667,388.2509,1934-01-01,1950-11-30,IACLIMATE\,Ida,93
IA3107,GALVA,42.5,-95.5,406.51315,1893-08-01,1917-11-30,IACLIMATE\,Ida,93
IA3108,GALVA,42.5027,-95.4183,404.35587,1896-01-01,2010-08-24,IACLIMATE\,Ida,93
IA3909,Holstein,42.4897,-95.5489,441.6353,1951-01-01,2020-12-31,IACLIMATE\,Ida,93
IA3910,HOLSTEIN 5 NNW,42.54639,-95.61108,420.02216,2019-01-01,,IACLIMATE\,Ida,93
IA4038,IDA GROVE 5NW,42.3941,-95.515,437.0309,1902-01-01,2007-12-31,IACLIMATE\,Ida,93
IATIDA,Ida Grove Area,42.3535,-95.5219,392.0,1902-10-01,,IACLIMATE\,Ida,93
IA6196,ODEBOLT,42.31667,-95.33333,421.79697,1897-02-01,1914-11-30,IACLIMATE\,Ida,93
IA0193,AMANA,41.80833,-91.875,219.75525,1896-01-01,1915-03-31,IACLIMATE\,Iowa,95
IA4529,LADORA,41.7565,-92.1845,246.84816,2000-01-01,2017-06-15,IACLIMATE\,Iowa,95
IA5150,MARENGO,41.7967,-92.0707,225.18054,2000-01-01,2022-12-31,IACLIMATE\,Iowa,95
IA6076,NORTH ENGLISH,41.517,-92.0597,233.40733,1948-01-01,2022-12-31,IACLIMATE\,Iowa,95
IA9067,WILLIAMSBURG,41.67,-92.02,236.0,1893-01-01,,IACLIMATE\,Iowa,95
IA3032,FULTON,42.1575,-90.7063,231.58498,2000-01-01,2020-06-30,IACLIMATE\,Jackson,97
IA5132,MAQUOKETA 2 NE,42.08333,-90.63333,196.96661,2000-01-01,2011-05-31,IACLIMATE\,Jackson,97
IA5131,MAQUOKETA-2-W,42.07,-90.7,205.0,1896-01-01,,IACLIMATE\,Jackson,97
IA0513,BAXTER,41.81667,-93.13333,298.99518,1899-04-01,1939-12-31,IACLIMATE\,Jasper,99
IA0000,Iowa Average,41.75,-93.25,259.0,1893-01-01,,IACLIMATE\,Jasper,99
IA4433,KILLDUFF,41.61667,-92.9,270.98242,1975-01-01,1984-11-26,IACLIMATE\,Jasper,99
IA5638,MONROE,41.51667,-93.1,281.25296,1911-08-01,1948-10-31,IACLIMATE\,Jasper,99
IA5992,NEWTON,41.7,-93.05,291.0,1893-01-01,,IACLIMATE\,Jasper,99
IA0506,BATAVIA,40.98333,-92.13333,221.48633,1899-03-01,1901-02-28,IACLIMATE\,Jefferson,101
IA2789,FAIRFIELD,41.03,-91.95,232.0,1893-01-01,,IACLIMATE\,Jefferson,101
IAC009,Iowa - Southeast Climate Division,41.0387,-91.82056,218.32082,1893-01-01,,IACLIMATE\,Jefferson,101
IA1823,CORALVILLE,41.68667,-91.59444,221.50069,2000-01-01,2017-12-20,IACLIMATE\,Johnson,103
IA1828,CORALVILLE DAM,41.70861,-91.53528,227.53386,1983-01-01,2017-12-20,IACLIMATE\,Johnson,103
IA4101,Iowa City,41.65,-91.53,208.0,1893-01-01,,IACLIMATE\,Johnson,103
IA4102,IOWA CITY 2,41.65,-91.53333,197.51418,2000-01-01,2017-12-20,IACLIMATE\,Johnson,103
IA4139,IOWA CITY 5 SW,41.6,-91.61667,197.24823,2000-01-01,2014-04-16,IACLIMATE\,Johnson,103
IA4109,IOWA CITY (MRS HOBBY),41.65,-91.53333,197.51418,1896-01-01,1897-12-31,IACLIMATE\,Johnson,103
IA4106,IOWA CITY MUNICIPAL AP,41.6394,-91.54455,198.7296,1944-08-01,,IACLIMATE\,Johnson,103
IA4111,IOWA CITY RALSTON CREEK,41.66667,-91.5,237.75897,1948-08-01,1951-09-30,IACLIMATE\,Johnson,103
IA4116,IOWA CITY RALSTON CREEK,41.68333,-91.46667,241.00607,1948-08-01,1951-09-30,IACLIMATE\,Johnson,103
IA4131,IOWA CITY RALSTON CREEK,41.68333,-91.51667,242.25352,1948-08-01,1951-09-30,IACLIMATE\,Johnson,103
IA4121,IOWA CITY RALSTON CREEK,41.68333,-91.48333,229.2447,1948-01-01,1951-09-30,IACLIMATE\,Johnson,103
IA4126,IOWA CITY RALSTON CREEK,41.68333,-91.51667,242.25352,1948-01-01,1951-09-30,IACLIMATE\,Johnson,103
IA5732,MORSE,41.75,-91.43333,233.7485,1948-01-01,1951-09-30,IACLIMATE\,Johnson,103
IA5737,MORSE 1 NE,41.75,-91.41667,240.2593,1948-01-01,1951-09-30,IACLIMATE\,Johnson,103
IA5742,MORSE 4 SSW,41.68333,-91.46667,241.00607,1948-01-01,1951-09-30,IACLIMATE\,Johnson,103
IA6186,OASIS 1 NW,41.71667,-91.4,244.9983,1948-01-01,1951-09-30,IACLIMATE\,Johnson,103
IA8062,SWISHER #2,41.8483,-91.6923,249.6904,1998-01-01,2022-12-31,IACLIMATE\,Johnson,103
IA0213,ANAMOSA-1-WNW,42.12,-91.3,253.0,1937-05-01,2014-01-05,IACLIMATE\,Jones,105
IA0214,ANAMOSA 3 SSW,42.0773,-91.3027,266.83673,2011-08-01,,IACLIMATE\,Jones,105
IA0220,ANAMOSA NO 2,42.10056,-91.29417,249.20874,2001-01-01,2022-08-07,IACLIMATE\,Jones,105
IA5622,MONMOUTH 4 SW,42.05,-90.91667,240.7338,1940-07-01,1953-04-30,IACLIMATE\,Jones,105
IA5669,MONTICELLO,42.2411,-91.1732,247.70076,1896-01-01,2022-12-20,IACLIMATE\,Jones,105
IA5664,MONTICELLO,42.25,-91.28333,288.02344,1893-01-01,1906-01-31,IACLIMATE\,Jones,105
IA6225,OLIN,42.0,-91.13333,225.76584,1898-01-01,1941-06-30,IACLIMATE\,Jones,105
IA6419,OXFORD JUNCTION 1 S,41.9717,-90.9603,225.04932,2004-01-01,2017-07-21,IACLIMATE\,Jones,105
IA3819,HEDRICK,41.18333,-92.31667,247.48773,1897-07-01,1901-03-31,IACLIMATE\,Keokuk,107
IA7678,SIGOURNEY,41.33,-92.2,241.0,1896-01-01,,IACLIMATE\,Keokuk,107
IA7683,SIGOURNEY 2 S,41.3,-92.2,210.23123,2000-01-01,2017-10-18,IACLIMATE\,Keokuk,107
IA8985,WHAT CHEER,41.4,-92.36667,243.98854,1898-10-01,1905-02-28,IACLIMATE\,Keokuk,107
IA0133,ALGONA,43.07,-94.3,361.0,1893-01-01,,IACLIMATE\,Kossuth,109
IA0131,ALGONA 1NNW,43.0786,-94.2358,339.0187,2000-01-01,2017-12-20,IACLIMATE\,Kossuth,109
IA0463,BANCROFT,43.3,-94.21667,350.99786,1899-01-01,1954-10-12,IACLIMATE\,Kossuth,109
IA8026,SWEA CITY 4 W,43.3853,-94.25,352.0,1954-10-01,,IACLIMATE\,Kossuth,109
IA8270,TITONKA,43.2352,-94.0416,354.30637,1949-12-01,2009-01-31,IACLIMATE\,Kossuth,109
IA8852,WEST BEND,42.95,-94.41667,349.24893,1893-04-01,1946-10-31,IACLIMATE\,Kossuth,109
IA2299,Donnellson,40.6433,-91.565,215.307,1938-01-01,,IACLIMATE\,Lee,111
IA3007,Fort Madison,40.62094,-91.32618,158.0,1893-01-01,,IACLIMATE\,Lee,111
IA4381,KEOKUK LOCK DAM 19,40.39666,-91.37485,152.0,1891-01-01,,IACLIMATE\,Lee,111
IA5680,MOOAR,40.45,-91.43333,205.26466,1896-05-01,1901-09-30,IACLIMATE\,Lee,111
IA8843,WESCOTT,40.71667,-91.25,189.2477,1922-03-01,1927-08-31,IACLIMATE\,Lee,111
IA8974,WEVER,40.71667,-91.25,189.2477,1928-04-01,1931-11-30,IACLIMATE\,Lee,111
IA1319,CEDAR-RAPIDS-1,42.03,-91.58,265.0,1892-01-01,,IACLIMATE\,Linn,113
IA1324,CEDAR RAPIDS 2,41.96667,-91.66667,224.50241,1904-01-01,1966-06-30,IACLIMATE\,Linn,113
IA1314,Cedar Rapids Airport,41.88292,-91.72459,256.0,1953-06-01,,IACLIMATE\,Linn,113
IATCID,Cedar Rapids Area,41.8829,-91.72459,251.99861,1893-01-01,,IACLIMATE\,Linn,113
IA1363,CENTRAL CITY,42.20011,-91.52332,252.78108,2000-01-01,2022-12-31,IACLIMATE\,Linn,113
IA1705,COGGON,42.2792,-91.525,275.72037,2000-01-01,2021-11-30,IACLIMATE\,Linn,113
IA5163,MARION 4 NE,42.05,-91.55,259.00845,1948-01-01,1951-09-30,IACLIMATE\,Linn,113
IA5811,MOUNT VERNON,41.93333,-91.4,258.98532,1896-06-01,1900-05-31,IACLIMATE\,Linn,113
IA5813,MOUNT VERNON,41.93333,-91.4,258.98532,1897-01-01,1907-09-30,IACLIMATE\,Linn,113
IA8632,WALFORD 2 SE,41.8624,-91.8024,241.41307,1904-01-01,2012-03-22,IACLIMATE\,Linn,113
IA1731,COLUMBUS JUNCT 2 SSW,41.25,-91.37,216.0,1900-10-01,,IACLIMATE\,Louisa,115
IA4912,LONE TREE 5 SW,41.41667,-91.46667,185.2407,2000-01-01,2014-06-03,IACLIMATE\,Louisa,115
IA8668,Wapello,41.1764,-91.1908,177.62523,1898-07-01,2018-03-18,IACLIMATE\,Louisa,115
IA1394,CHARITON,41.0,-93.32,286.0,1895-02-01,,IACLIMATE\,Lucas,117
IA1398,CHARITON 5SSE,40.9519,-93.2597,285.27374,1970-01-01,2012-10-27,IACLIMATE\,Lucas,117
IA2195,DERBY,40.9308,-93.458,331.5616,1948-01-01,2005-07-26,IACLIMATE\,Lucas,117
IAC008,Iowa - South Central Climate Division,41.04673,-93.49408,297.96796,1893-01-01,,IACLIMATE\,Lucas,117
IA4087,INWOOD 2 SW,43.3,-96.46667,447.24213,1902-05-01,1973-01-31,IACLIMATE\,Lyon,119
IA4637,LARCHWOOD,43.45,-96.43333,446.74713,1896-09-01,1903-11-30,IACLIMATE\,Lyon,119
IA7147,ROCK-RAPIDS,43.43,-96.17,411.0,1893-01-01,,IACLIMATE\,Lyon,119
IA2456,EARLHAM,41.5,-94.11667,323.73517,1902-03-01,1931-04-30,IACLIMATE\,Madison,121
IA7340,ST CHARLES,41.2875,-93.80778,316.41837,1896-08-01,1951-09-30,IACLIMATE\,Madison,121
IA9132,WINTERSET,41.33,-94.0,339.0,1893-01-01,,IACLIMATE\,Madison,121
IAD005,Iowa Drought Region 5 - Southeast,41.237,-92.6164,250.0,1893-01-01,,IACLIMATE\,Mahaska,123
IA6327,OSKALOOSA,41.32,-92.65,255.0,1893-01-01,,IACLIMATE\,Mahaska,123
IA6335,OSKALOOSA 4 N,41.3558,-92.6563,217.89784,2000-01-01,2017-12-20,IACLIMATE\,Mahaska,123
IA8307,TRACY 1 NE,41.2819,-92.8613,205.21901,1881-09-01,2017-12-20,IACLIMATE\,Mahaska,123
IA1099,BUSSEY 3 WNW,41.2038,-92.8872,265.1636,1899-04-01,2017-12-20,IACLIMATE\,Marion,125
IA1724,COLUMBIA,41.1755,-93.1522,292.6441,2000-01-01,2022-12-31,IACLIMATE\,Marion,125
IA2055,DALLAS 2 NW,41.2472,-93.2658,235.87325,2000-01-01,2017-12-20,IACLIMATE\,Marion,125
IA4502,KNOXVILLE,41.32,-93.13,263.0,1893-01-01,2023-11-28,IACLIMATE\,Marion,125
IA4507,KNOXVILLE 3E,41.3002,-93.0458,224.22375,2000-01-01,2015-09-17,IACLIMATE\,Marion,125
IA6527,PELLA 1S,41.3761,-92.9202,227.70863,1898-01-01,2022-12-31,IACLIMATE\,Marion,125
IA6531,PELLA 4 WSW,41.36528,-92.98778,241.88441,2000-01-01,2012-06-20,IACLIMATE\,Marion,125
IA6965,RED ROCK DAM,41.36972,-92.98,214.5868,1984-01-01,1989-07-30,IACLIMATE\,Marion,125
IA2396,DUNBAR 2 NE,41.96667,-92.76667,299.5013,1934-03-01,1958-07-31,IACLIMATE\,Marshall,127
IA3239,GILMAN,41.878,-92.7786,314.8911,1899-04-01,2018-04-18,IACLIMATE\,Marshall,127
IA3712,HAVERHILL,41.95,-92.95,309.9889,1971-01-01,1994-12-31,IACLIMATE\,Marshall,127
IA5198,MARSHALLTOWN,42.07,-92.93,268.0,1893-01-01,,IACLIMATE\,Marshall,127
IA5193,MARSHALLTOWN 1,42.05,-92.9,271.49353,1948-04-01,1949-05-31,IACLIMATE\,Marshall,127
IA5206,MARSHALLTOWN #2,42.06667,-92.93333,274.02008,1948-01-01,1949-12-31,IACLIMATE\,Marshall,127
IA5200,MARSHALLTOWN 4 SE,42.0088,-92.8522,263.8034,2000-01-01,2017-12-20,IACLIMATE\,Marshall,127
IA5199,MARSHALLTOWN MUNICIPAL AP,42.11061,-92.91635,295.3512,1996-10-01,,IACLIMATE\,Marshall,127
IA6985,RHODES 3E,41.9172,-93.1358,308.01218,1972-01-01,2015-05-01,IACLIMATE\,Marshall,127
IA7925,STATE CENTER,42.01667,-93.16667,327.74957,1937-01-01,1951-06-30,IACLIMATE\,Marshall,127
IA3288,GLENWOOD,41.0516,-95.7491,323.41837,2000-07-01,2018-07-23,IACLIMATE\,Mills,129
IA3290,GLENWOOD,41.0,-95.77,289.0,1893-01-01,2008-11-30,IACLIMATE\,Mills,129
IA3293,GLENWOOD 5 ESE,41.01667,-95.66667,376.7493,1895-05-01,1970-03-17,IACLIMATE\,Mills,129
IA3295,GLENWOOD 8 SSE,40.93333,-95.68333,353.93115,1946-02-01,1972-03-31,IACLIMATE\,Mills,129
IA3675,HASTINGS 4NE,41.0772,-95.48,320.99078,2008-01-01,2022-12-31,IACLIMATE\,Mills,129
IA6440,PACIFIC JUNCTION,41.01667,-95.8,290.2488,1899-03-01,1915-07-31,IACLIMATE\,Mills,129
IA6945,RED OAK 10 SW,40.96667,-95.46667,347.74597,1924-10-01,1948-07-31,IACLIMATE\,Mills,129
IA8131,TABOR 6 NNW,40.96667,-95.71667,345.75397,1948-01-01,1951-09-30,IACLIMATE\,Mills,129
IA6305,OSAGE,43.28,-92.8,356.0,1893-01-01,,IACLIMATE\,Mitchell,131
IA7887,STACEYVILLE,43.45,-92.78333,368.74478,1941-06-01,1942-08-08,IACLIMATE\,Mitchell,131
IA7326,ST ANSGAR,43.3817,-92.9232,353.1264,1948-01-01,2022-12-31,IACLIMATE\,Mitchell,131
IA1277,CASTANA-EXP-FARM,42.07,-95.82,409.0,1948-04-01,2018-01-16,IACLIMATE\,Monona,133
IA3944,HORNICK 5S,42.1558,-96.083,321.4382,1948-01-01,1951-09-30,IACLIMATE\,Monona,133
IA4342,KENNEBEC,42.0727,-95.9955,342.1736,1950-05-01,2018-09-30,IACLIMATE\,Monona,133
IA5127,MAPLETON,42.15694,-95.80972,335.91824,1948-01-01,2017-12-20,IACLIMATE\,Monona,133
IA5123,MAPLETON NO. 2,42.1667,-95.7833,354.0,1937-11-01,,IACLIMATE\,Monona,133
IA6243,ONAWA,42.02,-96.1,320.0,1899-01-01,2011-11-15,IACLIMATE\,Monona,133
IA7774,SOLDIER,41.9811,-95.7769,343.68124,1948-01-01,1951-09-30,IACLIMATE\,Monona,133
IA8359,TURIN 4S,41.9644,-95.9725,314.00232,1972-01-01,2017-12-20,IACLIMATE\,Monona,133
IA8360,TURIN 4 SSW,41.9644,-95.9916,311.6765,1972-07-01,2017-12-15,IACLIMATE\,Monona,133
IA0112,ALBIA,41.03,-92.8,286.0,1894-01-01,2021-01-06,IACLIMATE\,Monroe,135
IA0116,ALBIA PASTURE IMP FARM,40.98333,-92.86667,301.96298,1956-01-01,1972-01-31,IACLIMATE\,Monroe,135
IA5290,MAXON,41.03333,-92.78333,277.0649,1893-01-01,1896-09-30,IACLIMATE\,Monroe,135
IA5383,MELROSE,40.98333,-93.05,282.7769,1899-02-01,1946-08-31,IACLIMATE\,Monroe,135
IA1537,CLARINDA TARKIO CREEK,40.93333,-95.16667,375.48727,1934-01-01,1942-11-30,IACLIMATE\,Montgomery,137
IA2630,ELLIOTT,41.15,-95.15,352.2485,1905-03-01,1915-10-31,IACLIMATE\,Montgomery,137
IA2678,EMERSON 4 ENE,41.03333,-95.31667,353.29086,1899-03-01,1971-12-31,IACLIMATE\,Montgomery,137
IAC007,Iowa - Southwest Climate Division,41.08095,-95.13795,367.128,1893-01-01,,IACLIMATE\,Montgomery,137
IA6941,READ OAK # 2,41.00861,-95.24139,313.87622,1948-01-01,2017-12-20,IACLIMATE\,Montgomery,137
IA6940,RED-OAK,41.0,-95.23,332.0,1897-01-01,,IACLIMATE\,Montgomery,137
IA8646,STANTON 4N,41.0458,-95.0869,386.48657,1948-08-01,1951-09-30,IACLIMATE\,Montgomery,137
IA8538,VILLISCA,40.93333,-94.98333,327.74426,1896-01-01,1904-02-29,IACLIMATE\,Montgomery,137
IA8540,VILLISCA NO. 2,40.93417,-94.97944,334.80136,2000-05-01,2011-01-09,IACLIMATE\,Montgomery,137
IA1737,CONESVILLE 3 NE,41.40917,-91.29,181.01627,2000-01-01,2017-05-17,IACLIMATE\,Muscatine,139
IA2805,FAIRPORT,41.43333,-90.91667,166.96175,1921-03-01,1941-11-30,IACLIMATE\,Muscatine,139
IA3022,FRUITLAND,41.35,-91.13333,168.213,1900-12-01,1938-10-31,IACLIMATE\,Muscatine,139
IA5837,MUSCATINE,41.4,-91.07,169.0,1935-01-01,,IACLIMATE\,Muscatine,139
IA5844,MUSCATINE 2N,41.4713,-91.0463,211.23839,1999-01-01,,IACLIMATE\,Muscatine,139
IA5847,MUSCATINE 6 N,41.5,-91.05,215.5046,1948-01-01,1950-02-22,IACLIMATE\,Muscatine,139
IA8856,WEST BRANCH,41.55,-91.35,213.99191,1897-07-01,1903-06-30,IACLIMATE\,Muscatine,139
IA3667,HARTLEY 3 S,43.15,-95.46667,445.49768,1945-01-01,1950-09-14,IACLIMATE\,O'Brien,141
IAC001,Iowa - Northwest Climate Division,43.02702,-95.49451,452.83087,1893-01-01,,IACLIMATE\,O'Brien,141
IA6520,PAULLINA,42.9841,-95.6897,429.48703,1954-01-01,1994-12-31,IACLIMATE\,O'Brien,141
IA6800,PRIMGHAR,43.08,-95.63,460.0,1895-04-01,,IACLIMATE\,O'Brien,141
IA7386,SANBORN,43.1817,-95.6603,465.0,1914-01-01,,IACLIMATE\,O'Brien,141
IA7594,Sheldon,43.1808,-95.8528,436.0,1899-03-01,2022-12-31,IACLIMATE\,O'Brien,141
IA7596,SHELDON 1 N,43.1949,-95.8494,420.97183,2000-01-01,2008-03-17,IACLIMATE\,O'Brien,141
IA6190,OCHEYEDAN,43.4144,-95.5313,470.88965,1967-01-01,2013-06-30,IACLIMATE\,Osceola,143
IA7664,SIBLEY-5-NNE,43.45,-95.72,488.0,1893-01-01,,IACLIMATE\,Osceola,143
IA1533,CLARINDA,40.72,-95.03,299.0,1893-01-01,,IACLIMATE\,Page,145
IA1535,CLARINDA 1 E,40.73861,-95.01306,295.89572,2000-01-01,2017-12-20,IACLIMATE\,Page,145
IA1708,COLLEGE SPRINGS,40.63333,-95.11667,339.02548,1896-03-01,1907-02-28,IACLIMATE\,Page,145
IA6062,NORTHBORO,40.6,-95.2,336.2366,1899-03-01,1919-09-30,IACLIMATE\,Page,145
IA6119,NORWICH EXPERIMENT FARM,40.75,-95.2,311.5122,1937-09-01,1970-03-31,IACLIMATE\,Page,145
IA7613,SHENANDOAH-1-NE,40.78,-95.35,292.0,1918-06-01,,IACLIMATE\,Page,145
IA2689,Emmetsburg,43.1,-94.68,374.74643,1893-01-01,,IACLIMATE\,Palo Alto,147
IA2697,EMMETSBURG 2 NW,43.1263,-94.7063,365.2227,2000-01-01,2017-12-20,IACLIMATE\,Palo Alto,147
IA7289,RUTHVEN,43.13333,-94.9,434.51254,1897-12-01,1904-11-30,IACLIMATE\,Palo Alto,147
IA0088,AKRON,42.8258,-96.5514,370.40237,1900-09-01,2022-04-12,IACLIMATE\,Plymouth,149
IA0089,AKRON 11E,42.83528,-96.34333,416.81088,2010-03-01,2013-01-28,IACLIMATE\,Plymouth,149
IA0940,BRUNSVILLE,42.8077,-96.2691,386.73718,2010-03-01,2011-08-31,IACLIMATE\,Plymouth,149
IA3877,HINTON 4 W,42.65,-96.53333,333.4989,1948-01-01,1951-09-30,IACLIMATE\,Plymouth,149
IAD001,Iowa Drought Region 1 - Northwest,42.864,-95.9464,421.0,1893-01-01,,IACLIMATE\,Plymouth,149
IA4202,JAMES 1 NE,42.5763,-96.3038,349.7084,1948-04-01,2017-12-20,IACLIMATE\,Plymouth,149
IA4735,LEMARS,42.8,-96.17,367.0,1896-01-01,,IACLIMATE\,Plymouth,149
IA5414,MERRILL,42.7213,-96.2402,353.06097,1907-05-01,2006-09-23,IACLIMATE\,Plymouth,149
IA5418,MERRILL 4 WSW,42.7,-96.33333,435.4805,1907-05-01,1977-12-31,IACLIMATE\,Plymouth,149
IA6975,REMSEN,42.8169,-95.9711,402.17532,1948-01-01,1951-09-30,IACLIMATE\,Plymouth,149
IA6976,REMSEN NO. 2,42.8105,-95.9752,408.33713,2010-03-01,2022-12-31,IACLIMATE\,Plymouth,149
IA7703,SIOUX CITY 8 N,42.58333,-96.43333,408.1705,1946-02-01,1983-03-31,IACLIMATE\,Plymouth,149
IA2960,FONDA,42.58333,-94.83333,364.23468,1896-06-01,1902-05-31,IACLIMATE\,Pocahontas,151
IA5136,MARATHON,42.9,-94.83333,396.5103,1926-10-01,1939-03-31,IACLIMATE\,Pocahontas,151
IA6698,PLOVER,42.9,-94.61667,363.7445,1896-06-01,1912-06-12,IACLIMATE\,Pocahontas,151
IA6719,POCAHONTAS,42.7,-94.67,375.0,1904-05-01,,IACLIMATE\,Pocahontas,151
IA0187,ALTOONA 4W,41.6561,-93.5458,256.0,2000-01-01,2017-03-29,IACLIMATE\,Polk,153
IA0241,Ankeny,41.68,-93.6,263.0,1950-04-01,2021-11-05,IACLIMATE\,Polk,153
IA0238,ANKENY 2 SE,41.703,-93.5811,288.81586,2000-01-01,2017-03-29,IACLIMATE\,Polk,153
IA2199,DES MOINES (63RD STREET),41.5872,-93.7033,250.53078,2005-01-01,2012-05-02,IACLIMATE\,Polk,153
IA2203,Des Moines Airport,41.53,-93.65,285.0,1878-08-01,,IACLIMATE\,Polk,153
IATDSM,Des Moines Area,41.53395,-93.65311,293.16656,1878-08-01,,IACLIMATE\,Polk,153
IA2210,DES MOINES MILLMAN,41.53333,-93.66667,259.94293,1896-03-01,1898-10-31,IACLIMATE\,Polk,153
IA2208,Des Moines SE 6th,41.5783,-93.6055,229.60814,1878-08-01,1973-12-31,IACLIMATE\,Polk,153
IA2201,DES MOINES SNOW,41.5394,-93.6575,283.2177,2004-08-01,2022-12-31,IACLIMATE\,Polk,153
IA2209,DES MOINES WSFO-JOHNSTON,41.7366,-93.7236,292.3032,1995-01-01,,IACLIMATE\,Polk,153
IA3455,GRIMES 3 E,41.6886,-93.735,247.58777,2000-01-01,2017-12-20,IACLIMATE\,Polk,153
IA7256,RUNNELLS 2SE,41.488,-93.3386,222.73616,2000-01-01,2007-01-20,IACLIMATE\,Polk,153
IA7425,SAYLORVILLE 3WNW,41.703,-93.6891,244.41586,2000-01-01,2017-12-20,IACLIMATE\,Polk,153
IA1245,CARSON 3NNE,41.2738,-95.4025,341.1667,1899-04-01,1951-09-30,IACLIMATE\,Pottawattamie,155
IA1889,COUNCIL BLUFFS 6 NE,41.31667,-95.81667,370.00638,1893-07-01,1965-07-31,IACLIMATE\,Pottawattamie,155
IA1888,COUNCIL BLUFFS 6 NNE,41.33333,-95.81667,400.50024,1948-04-01,1951-09-30,IACLIMATE\,Pottawattamie,155
IA3589,HANCOCK,41.39,-95.37139,333.49844,1905-06-01,2017-12-20,IACLIMATE\,Pottawattamie,155
IA3590,HANCOCK 7SE,41.3277,-95.2522,396.6788,2006-01-01,2008-10-09,IACLIMATE\,Pottawattamie,155
IAD004,Iowa Drought Region 4 - Southwest,41.318,-95.1752,378.0,1893-01-01,,IACLIMATE\,Pottawattamie,155
IA5552,MINEOLA 5 NW,41.17694,-95.76833,337.02634,1996-11-01,2002-12-31,IACLIMATE\,Pottawattamie,155
IA5880,NEOLA,41.45,-95.61667,336.23483,1896-01-01,1899-01-31,IACLIMATE\,Pottawattamie,155
IA6151,OAKLAND-2-E,41.32,-95.38,370.0,1919-01-01,,IACLIMATE\,Pottawattamie,155
IA8410,UNDERWOOD,41.3894,-95.6811,328.95853,2002-10-01,2022-12-31,IACLIMATE\,Pottawattamie,155
IA0933,BROOKLYN,41.7394,-92.44,275.82834,1976-01-01,2023-10-02,IACLIMATE\,Poweshiek,157
IA3473,GRINNELL-3-SW,41.72,-92.73,303.0,1893-01-01,,IACLIMATE\,Poweshiek,157
IA3475,GRINNELL NEAR,41.75,-92.71667,313.74374,1899-02-01,1906-03-31,IACLIMATE\,Poweshiek,157
IA3671,HARTWICK 4NW,41.8347,-92.3861,245.77956,2000-01-01,2017-12-20,IACLIMATE\,Poweshiek,157
IA5650,MONTEZUMA 1 W,41.58354,-92.54939,285.8799,1896-07-01,2022-12-31,IACLIMATE\,Poweshiek,157
IA0536,BEACONSFIELD,40.8236,-94.0439,360.0,1951-05-01,,IACLIMATE\,Ringgold,159
IA5769,MOUNT-AYR,40.7,-94.25,358.0,1893-01-01,,IACLIMATE\,Ringgold,159
IA8255,TINGLEY,40.85,-94.2,381.2273,1924-03-01,1956-06-30,IACLIMATE\,Ringgold,159
IA4569,LAKE VIEW,42.3,-95.05,377.0359,1938-08-01,1962-09-30,IACLIMATE\,Sac,161
IA6195,ODEBOLT 2,42.31667,-95.25,409.00107,1897-02-01,1963-12-31,IACLIMATE\,Sac,161
IA7312,SAC-CITY,42.43,-95.0,366.0,1893-01-01,,IACLIMATE\,Sac,161
IA2068,DAVENPORT,41.5,-90.63333,171.74239,1896-01-01,1948-03-31,IACLIMATE\,Scott,163
IA2071,DAVENPORT 2,41.55,-90.56667,201.24695,1922-09-01,1929-08-31,IACLIMATE\,Scott,163
IA2069,DAVENPORT LOCK & DAM 15,41.51667,-90.56667,168.24931,1953-03-01,1984-05-31,IACLIMATE\,Scott,163
IA2070,DAVENPORT WFO,41.61191,-90.58025,230.79309,2011-06-01,,IACLIMATE\,Scott,163
IA2236,DE WITT 4 S,41.7663,-90.5404,191.9752,2000-01-01,2022-04-12,IACLIMATE\,Scott,163
IA4700,LE CLAIRE,41.6,-90.35,211.75597,1893-01-01,1955-06-30,IACLIMATE\,Scott,163
IA3632,HARLAN,41.65,-95.32,378.0,1899-02-01,2020-12-31,IACLIMATE\,Shelby,165
IA4174,IRWIN 3 ESE,41.775,-95.1525,416.51056,1950-09-01,2008-06-08,IACLIMATE\,Shelby,165
IA6760,PORTSMOUTH,41.65,-95.51667,362.74875,1896-01-01,1898-04-20,IACLIMATE\,Shelby,165
IA7582,SHELBY,41.51139,-95.44056,369.3532,1950-10-01,2001-08-15,IACLIMATE\,Shelby,165
IA0181,ALTON,42.998,-96.0175,402.5945,1905-05-01,2017-12-20,IACLIMATE\,Sioux,167
IA3718,HAWARDEN,43.0,-96.48,367.0,1926-08-01,2020-03-31,IACLIMATE\,Sioux,167
IA5270,MATLOCK,43.25,-95.93333,424.0058,1916-04-01,1918-01-31,IACLIMATE\,Sioux,167
IA6273,ORANGE CITY,43.00056,-96.05389,431.91376,2010-06-01,2022-12-31,IACLIMATE\,Sioux,167
IA7152,ROCK VALLEY,43.2044,-96.3061,378.3306,1977-01-01,2022-12-31,IACLIMATE\,Sioux,167
IA7700,SIOUX CENTER 2 SE,43.05,-96.15,417.0,1899-05-01,,IACLIMATE\,Sioux,167
IA0199,AMES 3 N,42.0666,-93.6202,277.368,2010-01-01,2022-09-16,IACLIMATE\,Story,169
IA0205,AMES 3 SW,42.0,-93.65,304.7615,1893-01-01,1964-08-31,IACLIMATE\,Story,169
IA0203,AMES 5 SE,41.9519,-93.5655,264.7841,1900-01-01,,IACLIMATE\,Story,169
IA0209,AMES EXPERIMENT STATION,42.03471,-93.61994,293.061,1893-01-01,1896-12-31,IACLIMATE\,Story,169
IA0197,AMES MUNICIPAL AP,41.99045,-93.61852,281.3304,1996-10-01,,IACLIMATE\,Story,169
IA0210,AMES SOUTHEAST,41.95,-93.55,262.49765,1897-01-01,1899-12-31,IACLIMATE\,Story,169
IA1710,COLO,42.0169,-93.3188,317.30298,1964-09-01,2010-12-26,IACLIMATE\,Story,169
IAC005,Iowa - Central Climate Division,42.0411,-93.33529,317.0197,1893-01-01,,IACLIMATE\,Story,169
IA5295,MAXWELL,41.8875,-93.3919,270.0,2000-01-01,2022-12-31,IACLIMATE\,Story,169
IA5882,NEVADA,42.01667,-93.45,307.5017,1905-07-01,1907-09-30,IACLIMATE\,Story,169
IA7985,STORY CITY,42.1791,-93.5816,298.07755,2000-01-01,2022-12-31,IACLIMATE\,Story,169
IA9750,ZEARING,42.1669,-93.3097,334.81824,1904-04-01,2022-12-31,IACLIMATE\,Story,169
IA1005,BUCKINGHAM,42.25,-92.46667,291.00876,1899-07-01,1913-03-31,IACLIMATE\,Tama,171
IA1704,CLUTIER,42.08,-92.405,266.5015,1973-01-01,2022-12-31,IACLIMATE\,Tama,171
IA2555,ELBERON 3 S,41.9641,-92.3125,249.13388,2000-01-01,2017-12-20,IACLIMATE\,Tama,171
IA3120,GARWIN,42.09022,-92.6703,285.03714,1977-01-01,2022-12-31,IACLIMATE\,Tama,171
IA3278,GLADBROOK,42.18333,-92.71667,309.025,1897-02-01,1899-12-31,IACLIMATE\,Tama,171
IA3681,HAVEN 1 NE,41.8994,-92.4741,245.73055,2000-01-01,2017-12-20,IACLIMATE\,Tama,171
IA8296,TOLEDO,41.98,-92.58,286.0,1894-01-01,,IACLIMATE\,Tama,171
IA8315,TRAER,42.1865,-92.4722,285.09555,1948-01-01,2022-12-31,IACLIMATE\,Tama,171
IA0576,BEDFORD-1-NNW,40.68,-94.72,362.0,1898-09-01,2018-09-22,IACLIMATE\,Taylor,173
IA0745,BLOCKTON 1W,40.6188,-94.505,366.87607,1893-01-01,2018-07-05,IACLIMATE\,Taylor,173
IA4746,LENOX,40.8747,-94.5717,378.71765,1895-05-01,1951-09-30,IACLIMATE\,Taylor,173
IA0064,AFTON,41.03333,-94.2,377.5019,1894-01-01,1950-02-10,IACLIMATE\,Union,175
IA1962,Creston,41.0372,-94.3942,395.0,1905-04-01,,IACLIMATE\,Union,175
IA4926,LORIMOR,41.1247,-94.0513,379.45016,1950-01-01,2020-10-31,IACLIMATE\,Union,175
IA7717,SIOUX CITY HWY 77 BRG,42.5244,-96.4802,333.65173,2015-01-01,2021-10-28,IACLIMATE\,Union,175
IA0793,BONAPARTE 5 NE,40.76667,-91.76667,223.00163,1893-01-01,1939-03-31,IACLIMATE\,Van Buren,177
IA4389,KEOSAUQUA,40.72,-91.97,165.0,1893-01-01,,IACLIMATE\,Van Buren,177
IA4394,KEOSAUQUA 2,40.71667,-91.95,224.00095,1936-01-01,1976-06-30,IACLIMATE\,Van Buren,177
IA7955,STOCKPORT,40.83333,-91.83333,228.0,1901-09-01,1948-02-29,IACLIMATE\,Van Buren,177
IA1472,CHILLICOTHE,41.08333,-92.53333,208.93228,1899-03-01,1900-05-31,IACLIMATE\,Wapello,179
IA2541,EDDYVILLE,41.15,-92.63333,198.48366,1939-01-01,1984-07-31,IACLIMATE\,Wapello,179
IA2544,EDDYVILLE NO 2,41.1497,-92.6347,202.10359,2000-01-01,2017-12-20,IACLIMATE\,Wapello,179
IA2569,ELDON,40.91667,-92.21667,193.50514,1898-04-01,1903-04-30,IACLIMATE\,Wapello,179
IA6389,Ottumwa,41.1078,-92.4467,252.0,1896-01-01,,IACLIMATE\,Wapello,179
IA6391,OTTUMWA,41.01667,-92.43333,191.99838,1917-01-01,1964-12-31,IACLIMATE\,Wapello,179
IA6396,OTTUMWA,41.0108,-92.4116,192.18365,2000-01-01,2017-12-20,IACLIMATE\,Wapello,179
IA6392,OTTUMWA #1,41.0101,-92.5174,247.09497,2000-08-01,2018-06-21,IACLIMATE\,Wapello,179
IA6386,OTTUMWA 1 WSW,41.01667,-92.43333,191.99838,1894-01-01,1949-11-04,IACLIMATE\,Wapello,179
IA4063,INDIANOLA-2-SSW,41.37,-93.55,293.0,1893-01-01,2022-12-31,IACLIMATE\,Warren,181
IA4067,INDIANOLA 5 NNW,41.4247,-93.5869,243.72023,1942-09-01,2017-05-23,IACLIMATE\,Warren,181
IA4523,LACONA,41.18333,-93.36667,254.29797,1899-04-01,1937-10-31,IACLIMATE\,Warren,181
IA0910,BRIGHTON,41.17146,-91.82555,226.82718,1968-01-01,2021-07-06,IACLIMATE\,Washington,183
IA4280,KALONA 1 SSW,41.46667,-91.71667,226.49356,2000-01-01,2015-04-09,IACLIMATE\,Washington,183
IA8688,WASHINGTON,41.28,-91.68,227.0,1893-01-01,,IACLIMATE\,Washington,183
IA0149,Allerton,40.7036,-93.3633,334.5118,1902-06-01,,IACLIMATE\,Wayne,185
IA1651,CLIO 4 NW,40.7,-93.48333,321.44757,1992-01-01,1997-09-30,IACLIMATE\,Wayne,185
IA1848,CORYDON 8 W,40.75,-93.48333,334.7496,1903-02-01,1991-08-31,IACLIMATE\,Wayne,185
IA5517,MILLERTON,40.83333,-93.3,320.23395,1893-05-01,1951-02-28,IACLIMATE\,Wayne,185
IA6412,OVID,40.73333,-93.33333,324.42728,1896-01-01,1903-01-31,IACLIMATE\,Wayne,185
IA6820,PROMISE CITY 6 NW,40.7936,-93.1408,300.72638,1970-01-01,2013-11-30,IACLIMATE\,Wayne,185
IA7526,SEYMOUR,40.66667,-93.11667,314.7496,1896-01-01,1897-11-30,IACLIMATE\,Wayne,185
IA2999,FORT-DODGE,42.5,-94.2,298.0,1899-01-01,,IACLIMATE\,Webster,187
IA3003,FORT DODGE 4 NW,42.5286,-94.2566,324.435,2000-01-01,2017-12-20,IACLIMATE\,Webster,187
IA3623,HARCOURT 2ENE,42.2685,-94.1459,350.84308,1976-01-01,2019-01-26,IACLIMATE\,Webster,187
IAD002,Iowa Drought Region 2 - Northcentral,42.5905,-94.18,336.0,1893-01-01,,IACLIMATE\,Webster,187
IA6618,PIONEER,42.63333,-94.4,359.74893,1898-07-01,1900-10-31,IACLIMATE\,Webster,187
IA8147,TARA,42.5,-94.3,347.49173,1897-12-01,1899-09-30,IACLIMATE\,Webster,187
IA2977,FOREST-CITY,43.28,-93.63,390.0,1894-03-01,,IACLIMATE\,Winnebago,189
IA4557,LAKE MILLS,43.4177,-93.5347,389.22006,1955-04-01,2022-12-31,IACLIMATE\,Winnebago,189
IA1126,CALMAR NE,43.1876,-91.862,382.72714,2006-01-01,2022-12-31,IACLIMATE\,Winneshiek,191
IA2117,DECORAH 2,43.3033,-91.7963,279.07428,2007-01-01,2016-07-23,IACLIMATE\,Winneshiek,191
IA2110,DECORAH-2-N,43.32,-91.78,344.0,1893-01-01,,IACLIMATE\,Winneshiek,191
IA2112,DECORAH 2 S,43.28333,-91.78333,335.48526,1896-01-01,1950-10-31,IACLIMATE\,Winneshiek,191
IA7035,RIDGEWAY,43.36667,-92.0,382.00842,1898-03-01,1912-10-13,IACLIMATE\,Winneshiek,191
IA7855,SPILLVILLE,43.2052,-91.9535,326.70697,1948-01-01,2004-09-06,IACLIMATE\,Winneshiek,191
IA0262,ANTHON,42.38333,-95.86667,339.72165,1942-07-01,1945-12-31,IACLIMATE\,Woodbury,193
IA1838,CORRECTIONVILLE 1 SW,42.4686,-95.795,340.18082,1942-01-01,2016-04-26,IACLIMATE\,Woodbury,193
IA3946,HORNICK 1 E,42.2269,-96.0777,321.7777,2003-01-01,2015-11-29,IACLIMATE\,Woodbury,193
IA3900,HORNICK 4 NNE,42.28389,-96.05806,331.08533,1964-01-01,2022-12-31,IACLIMATE\,Woodbury,193
IA5823,MOVILLE,42.4916,-96.0688,362.42694,1948-01-01,1951-09-30,IACLIMATE\,Woodbury,193
IA6363,OTO,42.28333,-95.9,350.2426,1942-07-01,1954-11-30,IACLIMATE\,Woodbury,193
IA7712,SIOUX CITY,42.5,-96.4,364.48965,1889-05-01,1941-04-30,IACLIMATE\,Woodbury,193
IA7702,SIOUX CITY ANG,42.3963,-96.3777,332.12134,2000-01-01,,IACLIMATE\,Woodbury,193
IATSUX,Sioux City Area,42.39168,-96.37948,328.8499,1889-07-01,,IACLIMATE\,Woodbury,193
IA7713,SIOUX CITY PERRY CREEK,42.5355,-96.4108,347.97372,1946-02-01,2016-04-26,IACLIMATE\,Woodbury,193
IA7708,SIOUX-CITY-WSO-AP,42.4,-96.38,331.0,1889-07-01,,IACLIMATE\,Woodbury,193
IA7738,SLOAN,42.23333,-96.23333,321.7571,1942-01-01,1949-02-28,IACLIMATE\,Woodbury,193
IA3600,HANLONTOWN,43.31667,-93.35,374.75824,1902-10-01,1906-07-31,IACLIMATE\,Worth,195
IA6103,NORTHWOOD,43.45,-93.22,373.0,1896-04-01,,IACLIMATE\,Worth,195
IA0612,BELMOND,42.86667,-93.55,372.74463,1909-12-01,1946-01-31,IACLIMATE\,Wright,197
IA1541,CLARION,42.73,-93.75,353.0,1944-01-01,2021-12-31,IACLIMATE\,Wright,197
IA2896,FLORENCE,42.73333,-93.75,353.0,1904-04-01,1905-12-31,IACLIMATE\,Wright,197
